S.No;Group Name;Members;Group Type;Group Scope;Domain Name;OU Name;Distinguished Name
3;AD-BIAdministrators;Security;Security;Global;aviva.com.br;Unidade Rio Quente/Grupos;CN=AD-BIAdministrators,OU=Grupos,OU=Unidade Rio Quente,DC=aviva,DC=com,DC=br
4;AD-RQVC-BIAuthor;Security;Security;Global;aviva.com.br;Unidade Rio Quente/Grupos;CN=AD-RQVC-BIAuthor,OU=Grupos,OU=Unidade Rio Quente,DC=aviva,DC=com,DC=br
6;AdminSegurancaTrabalho;Security;Security;Global;aviva.com.br;Unidade Rio Quente/Grupos;CN=AdminSegurancaTrabalho,OU=Grupos,OU=Unidade Rio Quente,DC=aviva,DC=com,DC=br
9;almox - Leitura e Gravacao;Security;Security;Global;aviva.com.br;Unidade Rio Quente/Grupos/FS Antigo;CN=almox - Leitura e Gravacao,OU=FS Antigo,OU=Grupos,OU=Unidade Rio Quente,DC=aviva,DC=com,DC=br
10;APPSENSE;Security;Security;Global;aviva.com.br;Unidade Rio Quente/Grupos;CN=APPSENSE,OU=Grupos,OU=Unidade Rio Quente,DC=aviva,DC=com,DC=br
17;auditorias - Leitura e Gravacao;Security;Security;Global;aviva.com.br;Unidade Rio Quente/Grupos/FS Antigo;CN=auditorias - Leitura e Gravacao,OU=FS Antigo,OU=Grupos,OU=Unidade Rio Quente,DC=aviva,DC=com,DC=br
20;BRBAFS01_ADM_SEGURANCA_RW;Security;Security;Global;aviva.com.br;Unidade Costa do Sauipe/Grupos/Security/FS Legado;CN=BRBAFS01_ADM_SEGURANCA_RW,OU=FS Legado,OU=Security,OU=Grupos,OU=Unidade Costa do Sauipe,DC=aviva,DC=com,DC=br
21;BRBAFS01_Asset_RO;Security;Security;Global;aviva.com.br;Unidade Costa do Sauipe/Grupos/Security/FS Legado;CN=BRBAFS01_Asset_RO,OU=FS Legado,OU=Security,OU=Grupos,OU=Unidade Costa do Sauipe,DC=aviva,DC=com,DC=br
22;BRBAFS01_AuditoriaInterna_RW;Security;Security;Global;aviva.com.br;Unidade Costa do Sauipe/Grupos/Security/FS Legado;CN=BRBAFS01_AuditoriaInterna_RW,OU=FS Legado,OU=Security,OU=Grupos,OU=Unidade Costa do Sauipe,DC=aviva,DC=com,DC=br
23;BRBAFS01_ComiteExecutivo_RO;Security;Security;Global;aviva.com.br;Unidade Costa do Sauipe/Grupos/Security/FS Legado;CN=BRBAFS01_ComiteExecutivo_RO,OU=FS Legado,OU=Security,OU=Grupos,OU=Unidade Costa do Sauipe,DC=aviva,DC=com,DC=br
24;BRBAFS01_ComiteOperacoes_RO;Security;Security;Global;aviva.com.br;Unidade Costa do Sauipe/Grupos/Security/FS Legado;CN=BRBAFS01_ComiteOperacoes_RO,OU=FS Legado,OU=Security,OU=Grupos,OU=Unidade Costa do Sauipe,DC=aviva,DC=com,DC=br
25;BRBAFS01_ComunicacaoInterna_RO;Security;Security;Global;aviva.com.br;Unidade Costa do Sauipe/Grupos/Security/FS Legado;CN=BRBAFS01_ComunicacaoInterna_RO,OU=FS Legado,OU=Security,OU=Grupos,OU=Unidade Costa do Sauipe,DC=aviva,DC=com,DC=br
26;BRBAFS01_Contabilidade_RO;Security;Security;Global;aviva.com.br;Unidade Costa do Sauipe/Grupos/Security/FS Legado;CN=BRBAFS01_Contabilidade_RO,OU=FS Legado,OU=Security,OU=Grupos,OU=Unidade Costa do Sauipe,DC=aviva,DC=com,DC=br
27;BRBAFS01_ControledeNotasFiscaisSP_RO;Security;Security;Global;aviva.com.br;Unidade Costa do Sauipe/Grupos/Security/FS Legado;CN=BRBAFS01_ControledeNotasFiscaisSP_RO,OU=FS Legado,OU=Security,OU=Grupos,OU=Unidade Costa do Sauipe,DC=aviva,DC=com,DC=br
28;BRBAFS01_CSI_RW;Security;Security;Global;aviva.com.br;Unidade Costa do Sauipe/Grupos/Security/FS Legado;CN=BRBAFS01_CSI_RW,OU=FS Legado,OU=Security,OU=Grupos,OU=Unidade Costa do Sauipe,DC=aviva,DC=com,DC=br
29;BRBAFS01_Diretoria_A&B_RO;Security;Security;Global;aviva.com.br;Unidade Costa do Sauipe/Grupos/Security/FS Legado;CN=BRBAFS01_Diretoria_A&B_RO,OU=FS Legado,OU=Security,OU=Grupos,OU=Unidade Costa do Sauipe,DC=aviva,DC=com,DC=br
30;BRBAFS01_DiretoriaFinanceira_RO;Security;Security;Global;aviva.com.br;Unidade Costa do Sauipe/Grupos/Security/FS Legado;CN=BRBAFS01_DiretoriaFinanceira_RO,OU=FS Legado,OU=Security,OU=Grupos,OU=Unidade Costa do Sauipe,DC=aviva,DC=com,DC=br
31;BRBAFS01_DiretoriaFinanceira_RW;Security;Security;Global;aviva.com.br;Unidade Costa do Sauipe/Grupos/Security/FS Legado;CN=BRBAFS01_DiretoriaFinanceira_RW,OU=FS Legado,OU=Security,OU=Grupos,OU=Unidade Costa do Sauipe,DC=aviva,DC=com,DC=br
32;BRBAFS01_Direx_RW;Security;Security;Global;aviva.com.br;Unidade Costa do Sauipe/Grupos/Security/FS Legado;CN=BRBAFS01_Direx_RW,OU=FS Legado,OU=Security,OU=Grupos,OU=Unidade Costa do Sauipe,DC=aviva,DC=com,DC=br
33;BRBAFS01_Documentacao_RW;Security;Security;Global;aviva.com.br;Unidade Costa do Sauipe/Grupos/Security/FS Legado;CN=BRBAFS01_Documentacao_RW,OU=FS Legado,OU=Security,OU=Grupos,OU=Unidade Costa do Sauipe,DC=aviva,DC=com,DC=br
34;BRBAFS01_Documentos_Internos_RO;Security;Security;Global;aviva.com.br;Unidade Costa do Sauipe/Grupos/Security/FS Legado;CN=BRBAFS01_Documentos_Internos_RO,OU=FS Legado,OU=Security,OU=Grupos,OU=Unidade Costa do Sauipe,DC=aviva,DC=com,DC=br
35;BRBAFS01_Documentos_RO;Security;Security;Global;aviva.com.br;Unidade Costa do Sauipe/Grupos/Security/FS Legado;CN=BRBAFS01_Documentos_RO,OU=FS Legado,OU=Security,OU=Grupos,OU=Unidade Costa do Sauipe,DC=aviva,DC=com,DC=br
36;BRBAFS01_Documentos_RW;Security;Security;Global;aviva.com.br;Unidade Costa do Sauipe/Grupos/Security/FS Legado;CN=BRBAFS01_Documentos_RW,OU=FS Legado,OU=Security,OU=Grupos,OU=Unidade Costa do Sauipe,DC=aviva,DC=com,DC=br
37;BRBAFS01_Escalas_RH_RO;Security;Security;Global;aviva.com.br;Unidade Costa do Sauipe/Grupos/Security/FS Legado;CN=BRBAFS01_Escalas_RH_RO,OU=FS Legado,OU=Security,OU=Grupos,OU=Unidade Costa do Sauipe,DC=aviva,DC=com,DC=br
38;BRBAFS01_FormulariosVigentes_RO;Security;Security;Global;aviva.com.br;Unidade Costa do Sauipe/Grupos/Security/FS Legado;CN=BRBAFS01_FormulariosVigentes_RO,OU=FS Legado,OU=Security,OU=Grupos,OU=Unidade Costa do Sauipe,DC=aviva,DC=com,DC=br
39;BRBAFS01_FormulariosVigentes_RW;Security;Security;Global;aviva.com.br;Unidade Costa do Sauipe/Grupos/Security/FS Legado;CN=BRBAFS01_FormulariosVigentes_RW,OU=FS Legado,OU=Security,OU=Grupos,OU=Unidade Costa do Sauipe,DC=aviva,DC=com,DC=br
40;BRBAFS01_Gestao_de_Contrato_Controle_RO;Security;Security;Global;aviva.com.br;Unidade Costa do Sauipe/Grupos/Security/FS Legado;CN=BRBAFS01_Gestao_de_Contrato_Controle_RO,OU=FS Legado,OU=Security,OU=Grupos,OU=Unidade Costa do Sauipe,DC=aviva,DC=com,DC=br
41;BRBAFS01_Gestão_Financeira_RO;Security;Security;Global;aviva.com.br;Unidade Costa do Sauipe/Grupos/Security/FS Legado;CN=BRBAFS01_Gestão_Financeira_RO,OU=FS Legado,OU=Security,OU=Grupos,OU=Unidade Costa do Sauipe,DC=aviva,DC=com,DC=br
42;BRBAFS01_Governanca_RO;Security;Security;Global;aviva.com.br;Unidade Costa do Sauipe/Grupos/Security/FS Legado;CN=BRBAFS01_Governanca_RO,OU=FS Legado,OU=Security,OU=Grupos,OU=Unidade Costa do Sauipe,DC=aviva,DC=com,DC=br
43;BRBAFS01_Governança_Ala_Sol_RW;Security;Security;Global;aviva.com.br;Unidade Costa do Sauipe/Grupos/Security/FS Legado;CN=BRBAFS01_Governança_Ala_Sol_RW,OU=FS Legado,OU=Security,OU=Grupos,OU=Unidade Costa do Sauipe,DC=aviva,DC=com,DC=br
44;BRBAFS01_GSA_RW;Security;Security;Global;aviva.com.br;Unidade Costa do Sauipe/Grupos/Security/FS Legado;CN=BRBAFS01_GSA_RW,OU=FS Legado,OU=Security,OU=Grupos,OU=Unidade Costa do Sauipe,DC=aviva,DC=com,DC=br
45;BRBAFS01_Juridico_RO;Security;Security;Global;aviva.com.br;Unidade Costa do Sauipe/Grupos/Security/FS Legado;CN=BRBAFS01_Juridico_RO,OU=FS Legado,OU=Security,OU=Grupos,OU=Unidade Costa do Sauipe,DC=aviva,DC=com,DC=br
46;BRBAFS01_Lazer_RO;Security;Security;Global;aviva.com.br;Unidade Costa do Sauipe/Grupos/Security/FS Legado;CN=BRBAFS01_Lazer_RO,OU=FS Legado,OU=Security,OU=Grupos,OU=Unidade Costa do Sauipe,DC=aviva,DC=com,DC=br
47;BRBAFS01_Manutencao_RO;Security;Security;Global;aviva.com.br;Unidade Costa do Sauipe/Grupos/Security/FS Legado;CN=BRBAFS01_Manutencao_RO,OU=FS Legado,OU=Security,OU=Grupos,OU=Unidade Costa do Sauipe,DC=aviva,DC=com,DC=br
48;BRBAFS01_MM_REGISTROS_RW;Security;Security;Global;aviva.com.br;Unidade Costa do Sauipe/Grupos/Security/FS Legado;CN=BRBAFS01_MM_REGISTROS_RW,OU=FS Legado,OU=Security,OU=Grupos,OU=Unidade Costa do Sauipe,DC=aviva,DC=com,DC=br
49;BRBAFS01_OpsReview_RO;Security;Security;Global;aviva.com.br;Unidade Costa do Sauipe/Grupos/Security/FS Legado;CN=BRBAFS01_OpsReview_RO,OU=FS Legado,OU=Security,OU=Grupos,OU=Unidade Costa do Sauipe,DC=aviva,DC=com,DC=br
50;BRBAFS01_Orçamento_2017_Recursos_Humanos_RW;Security;Security;Global;aviva.com.br;Unidade Costa do Sauipe/Grupos/Security/FS Legado;CN=BRBAFS01_Orçamento_2017_Recursos_Humanos_RW,OU=FS Legado,OU=Security,OU=Grupos,OU=Unidade Costa do Sauipe,DC=aviva,DC=com,DC=br
51;BRBAFS01_Orçamento_2018_Área_Recursos_Humanos_RW;Security;Security;Global;aviva.com.br;Unidade Costa do Sauipe/Grupos/Security/FS Legado;CN=BRBAFS01_Orçamento_2018_Área_Recursos_Humanos_RW,OU=FS Legado,OU=Security,OU=Grupos,OU=Unidade Costa do Sauipe,DC=aviva,DC=com,DC=br
52;BRBAFS01_Premium_Bares_Restaurante_Chefe_de_Fila_RW;Security;Security;Global;aviva.com.br;Unidade Costa do Sauipe/Grupos/Security/FS Legado;CN=BRBAFS01_Premium_Bares_Restaurante_Chefe_de_Fila_RW,OU=FS Legado,OU=Security,OU=Grupos,OU=Unidade Costa do Sauipe,DC=aviva,DC=com,DC=br
53;BRBAFS01_RecADM_RW;Security;Security;Global;aviva.com.br;Unidade Costa do Sauipe/Grupos/Security/FS Legado;CN=BRBAFS01_RecADM_RW,OU=FS Legado,OU=Security,OU=Grupos,OU=Unidade Costa do Sauipe,DC=aviva,DC=com,DC=br
54;BRBAFS01_Relatorios_Gerenciais_Area_Comercial_RO;Security;Security;Global;aviva.com.br;Unidade Costa do Sauipe/Grupos/Security/FS Legado;CN=BRBAFS01_Relatorios_Gerenciais_Area_Comercial_RO,OU=FS Legado,OU=Security,OU=Grupos,OU=Unidade Costa do Sauipe,DC=aviva,DC=com,DC=br
55;BRBAFS01_Relatorios_Gerenciais_Area_Dir_Operacao_AlaAgua_RO;Security;Security;Global;aviva.com.br;Unidade Costa do Sauipe/Grupos/Security/FS Legado;CN=BRBAFS01_Relatorios_Gerenciais_Area_Dir_Operacao_AlaAgua_RO,OU=FS Legado,OU=Security,OU=Grupos,OU=Unidade Costa do Sauipe,DC=aviva,DC=com,DC=br
56;BRBAFS01_Relatorios_Gerenciais_Area_Dir_Operacao_AlaTerra_RO;Security;Security;Global;aviva.com.br;Unidade Costa do Sauipe/Grupos/Security/FS Legado;CN=BRBAFS01_Relatorios_Gerenciais_Area_Dir_Operacao_AlaTerra_RO,OU=FS Legado,OU=Security,OU=Grupos,OU=Unidade Costa do Sauipe,DC=aviva,DC=com,DC=br
57;BRBAFS01_Relatorios_Gerenciais_Area_Dir_Operacao_AreasComuns_RO;Security;Security;Global;aviva.com.br;Unidade Costa do Sauipe/Grupos/Security/FS Legado;CN=BRBAFS01_Relatorios_Gerenciais_Area_Dir_Operacao_AreasComuns_RO,OU=FS Legado,OU=Security,OU=Grupos,OU=Unidade Costa do Sauipe,DC=aviva,DC=com,DC=br
58;BRBAFS01_Relatorios_Gerenciais_Area_Dir_Operacao_DirOperacao_RO;Security;Security;Global;aviva.com.br;Unidade Costa do Sauipe/Grupos/Security/FS Legado;CN=BRBAFS01_Relatorios_Gerenciais_Area_Dir_Operacao_DirOperacao_RO,OU=FS Legado,OU=Security,OU=Grupos,OU=Unidade Costa do Sauipe,DC=aviva,DC=com,DC=br
59;BRBAFS01_Relatorios_Gerenciais_Area_Dir_Operacao_Entretenimen_RO;Security;Security;Global;aviva.com.br;Unidade Costa do Sauipe/Grupos/Security/FS Legado;CN=BRBAFS01_Relatorios_Gerenciais_Area_Dir_Operacao_Entretenimen_RO,OU=FS Legado,OU=Security,OU=Grupos,OU=Unidade Costa do Sauipe,DC=aviva,DC=com,DC=br
60;BRBAFS01_Relatorios_Gerenciais_Area_Dir_Operacao_Hospedagem_RO;Security;Security;Global;aviva.com.br;Unidade Costa do Sauipe/Grupos/Security/FS Legado;CN=BRBAFS01_Relatorios_Gerenciais_Area_Dir_Operacao_Hospedagem_RO,OU=FS Legado,OU=Security,OU=Grupos,OU=Unidade Costa do Sauipe,DC=aviva,DC=com,DC=br
61;BRBAFS01_Relatorios_Gerenciais_Area_Dir_Operacao_Manutencao_RO;Security;Security;Global;aviva.com.br;Unidade Costa do Sauipe/Grupos/Security/FS Legado;CN=BRBAFS01_Relatorios_Gerenciais_Area_Dir_Operacao_Manutencao_RO,OU=FS Legado,OU=Security,OU=Grupos,OU=Unidade Costa do Sauipe,DC=aviva,DC=com,DC=br
62;BRBAFS01_Relatorios_Gerenciais_Area_Dir_Operacao_Pousadas_RO;Security;Security;Global;aviva.com.br;Unidade Costa do Sauipe/Grupos/Security/FS Legado;CN=BRBAFS01_Relatorios_Gerenciais_Area_Dir_Operacao_Pousadas_RO,OU=FS Legado,OU=Security,OU=Grupos,OU=Unidade Costa do Sauipe,DC=aviva,DC=com,DC=br
63;BRBAFS01_Relatorios_Gerenciais_Area_Dir_Operacao_Premium_RO;Security;Security;Global;aviva.com.br;Unidade Costa do Sauipe/Grupos/Security/FS Legado;CN=BRBAFS01_Relatorios_Gerenciais_Area_Dir_Operacao_Premium_RO,OU=FS Legado,OU=Security,OU=Grupos,OU=Unidade Costa do Sauipe,DC=aviva,DC=com,DC=br
64;BRBAFS01_Relatorios_Gerenciais_Area_Dir_Operacao_Qualidade_RO;Security;Security;Global;aviva.com.br;Unidade Costa do Sauipe/Grupos/Security/FS Legado;CN=BRBAFS01_Relatorios_Gerenciais_Area_Dir_Operacao_Qualidade_RO,OU=FS Legado,OU=Security,OU=Grupos,OU=Unidade Costa do Sauipe,DC=aviva,DC=com,DC=br
65;BRBAFS01_Relatorios_Gerenciais_Area_Dir_Operacao_Seguranca_RO;Security;Security;Global;aviva.com.br;Unidade Costa do Sauipe/Grupos/Security/FS Legado;CN=BRBAFS01_Relatorios_Gerenciais_Area_Dir_Operacao_Seguranca_RO,OU=FS Legado,OU=Security,OU=Grupos,OU=Unidade Costa do Sauipe,DC=aviva,DC=com,DC=br
66;BRBAFS01_Relatorios_Gerenciais_Area_Dir_Operacoes_Eventos_RO;Security;Security;Global;aviva.com.br;Unidade Costa do Sauipe/Grupos/Security/FS Legado;CN=BRBAFS01_Relatorios_Gerenciais_Area_Dir_Operacoes_Eventos_RO,OU=FS Legado,OU=Security,OU=Grupos,OU=Unidade Costa do Sauipe,DC=aviva,DC=com,DC=br
67;BRBAFS01_Relatorios_Gerenciais_Area_Diretoria_Operacoes_RO;Security;Security;Global;aviva.com.br;Unidade Costa do Sauipe/Grupos/Security/FS Legado;CN=BRBAFS01_Relatorios_Gerenciais_Area_Diretoria_Operacoes_RO,OU=FS Legado,OU=Security,OU=Grupos,OU=Unidade Costa do Sauipe,DC=aviva,DC=com,DC=br
68;BRBAFS01_Relatorios_Gerenciais_Consumo_Tel_Dir_Financeira_RO;Security;Security;Global;aviva.com.br;Unidade Costa do Sauipe/Grupos/Security/FS Legado;CN=BRBAFS01_Relatorios_Gerenciais_Consumo_Tel_Dir_Financeira_RO,OU=FS Legado,OU=Security,OU=Grupos,OU=Unidade Costa do Sauipe,DC=aviva,DC=com,DC=br
69;BRBAFS01_Relatorios_Gerenciais_Consumo_Tel_Dir_Vacation_Club_RO;Security;Security;Global;aviva.com.br;Unidade Costa do Sauipe/Grupos/Security/FS Legado;CN=BRBAFS01_Relatorios_Gerenciais_Consumo_Tel_Dir_Vacation_Club_RO,OU=FS Legado,OU=Security,OU=Grupos,OU=Unidade Costa do Sauipe,DC=aviva,DC=com,DC=br
70;BRBAFS01_Relatorios_Gerenciais_Consumo_Tel_Entretenimento_RO;Security;Security;Global;aviva.com.br;Unidade Costa do Sauipe/Grupos/Security/FS Legado;CN=BRBAFS01_Relatorios_Gerenciais_Consumo_Tel_Entretenimento_RO,OU=FS Legado,OU=Security,OU=Grupos,OU=Unidade Costa do Sauipe,DC=aviva,DC=com,DC=br
71;BRBAFS01_Relatorios_Gerenciais_Consumo_Telefonia_Ala_Agua_RO;Security;Security;Global;aviva.com.br;Unidade Costa do Sauipe/Grupos/Security/FS Legado;CN=BRBAFS01_Relatorios_Gerenciais_Consumo_Telefonia_Ala_Agua_RO,OU=FS Legado,OU=Security,OU=Grupos,OU=Unidade Costa do Sauipe,DC=aviva,DC=com,DC=br
72;BRBAFS01_Relatorios_Gerenciais_Consumo_Telefonia_Ala_Sol_RO;Security;Security;Global;aviva.com.br;Unidade Costa do Sauipe/Grupos/Security/FS Legado;CN=BRBAFS01_Relatorios_Gerenciais_Consumo_Telefonia_Ala_Sol_RO,OU=FS Legado,OU=Security,OU=Grupos,OU=Unidade Costa do Sauipe,DC=aviva,DC=com,DC=br
73;BRBAFS01_Relatorios_Gerenciais_Consumo_Telefonia_Ala_Terra_RO;Security;Security;Global;aviva.com.br;Unidade Costa do Sauipe/Grupos/Security/FS Legado;CN=BRBAFS01_Relatorios_Gerenciais_Consumo_Telefonia_Ala_Terra_RO,OU=FS Legado,OU=Security,OU=Grupos,OU=Unidade Costa do Sauipe,DC=aviva,DC=com,DC=br
74;BRBAFS01_Relatorios_Gerenciais_Consumo_Telefonia_Areas_Comuns_RO;Security;Security;Global;aviva.com.br;Unidade Costa do Sauipe/Grupos/Security/FS Legado;CN=BRBAFS01_Relatorios_Gerenciais_Consumo_Telefonia_Areas_Comuns_RO,OU=FS Legado,OU=Security,OU=Grupos,OU=Unidade Costa do Sauipe,DC=aviva,DC=com,DC=br
75;BRBAFS01_Relatorios_Gerenciais_Consumo_Telefonia_Auditoria_RO;Security;Security;Global;aviva.com.br;Unidade Costa do Sauipe/Grupos/Security/FS Legado;CN=BRBAFS01_Relatorios_Gerenciais_Consumo_Telefonia_Auditoria_RO,OU=FS Legado,OU=Security,OU=Grupos,OU=Unidade Costa do Sauipe,DC=aviva,DC=com,DC=br
76;BRBAFS01_Relatorios_Gerenciais_Consumo_Telefonia_Dir_Operacao_RO;Security;Security;Global;aviva.com.br;Unidade Costa do Sauipe/Grupos/Security/FS Legado;CN=BRBAFS01_Relatorios_Gerenciais_Consumo_Telefonia_Dir_Operacao_RO,OU=FS Legado,OU=Security,OU=Grupos,OU=Unidade Costa do Sauipe,DC=aviva,DC=com,DC=br
77;BRBAFS01_Relatorios_Gerenciais_Consumo_Telefonia_Eventos_RO;Security;Security;Global;aviva.com.br;Unidade Costa do Sauipe/Grupos/Security/FS Legado;CN=BRBAFS01_Relatorios_Gerenciais_Consumo_Telefonia_Eventos_RO,OU=FS Legado,OU=Security,OU=Grupos,OU=Unidade Costa do Sauipe,DC=aviva,DC=com,DC=br
78;BRBAFS01_Relatorios_Gerenciais_Consumo_Telefonia_Financeiro_RO;Security;Security;Global;aviva.com.br;Unidade Costa do Sauipe/Grupos/Security/FS Legado;CN=BRBAFS01_Relatorios_Gerenciais_Consumo_Telefonia_Financeiro_RO,OU=FS Legado,OU=Security,OU=Grupos,OU=Unidade Costa do Sauipe,DC=aviva,DC=com,DC=br
79;BRBAFS01_Relatorios_Gerenciais_Consumo_Telefonia_Juridico_RO;Security;Security;Global;aviva.com.br;Unidade Costa do Sauipe/Grupos/Security/FS Legado;CN=BRBAFS01_Relatorios_Gerenciais_Consumo_Telefonia_Juridico_RO,OU=FS Legado,OU=Security,OU=Grupos,OU=Unidade Costa do Sauipe,DC=aviva,DC=com,DC=br
80;BRBAFS01_Relatorios_Gerenciais_Consumo_Telefonia_Manutencao_RO;Security;Security;Global;aviva.com.br;Unidade Costa do Sauipe/Grupos/Security/FS Legado;CN=BRBAFS01_Relatorios_Gerenciais_Consumo_Telefonia_Manutencao_RO,OU=FS Legado,OU=Security,OU=Grupos,OU=Unidade Costa do Sauipe,DC=aviva,DC=com,DC=br
81;BRBAFS01_Relatorios_Gerenciais_Consumo_Telefonia_Pousadas_RO;Security;Security;Global;aviva.com.br;Unidade Costa do Sauipe/Grupos/Security/FS Legado;CN=BRBAFS01_Relatorios_Gerenciais_Consumo_Telefonia_Pousadas_RO,OU=FS Legado,OU=Security,OU=Grupos,OU=Unidade Costa do Sauipe,DC=aviva,DC=com,DC=br
82;BRBAFS01_Relatorios_Gerenciais_Consumo_Telefonia_Premium_RO;Security;Security;Global;aviva.com.br;Unidade Costa do Sauipe/Grupos/Security/FS Legado;CN=BRBAFS01_Relatorios_Gerenciais_Consumo_Telefonia_Premium_RO,OU=FS Legado,OU=Security,OU=Grupos,OU=Unidade Costa do Sauipe,DC=aviva,DC=com,DC=br
83;BRBAFS01_Relatorios_Gerenciais_Consumo_Telefonia_Presidencia_RO;Security;Security;Global;aviva.com.br;Unidade Costa do Sauipe/Grupos/Security/FS Legado;CN=BRBAFS01_Relatorios_Gerenciais_Consumo_Telefonia_Presidencia_RO,OU=FS Legado,OU=Security,OU=Grupos,OU=Unidade Costa do Sauipe,DC=aviva,DC=com,DC=br
84;BRBAFS01_Relatorios_Gerenciais_Consumo_Telefonia_Qualidade_RO;Security;Security;Global;aviva.com.br;Unidade Costa do Sauipe/Grupos/Security/FS Legado;CN=BRBAFS01_Relatorios_Gerenciais_Consumo_Telefonia_Qualidade_RO,OU=FS Legado,OU=Security,OU=Grupos,OU=Unidade Costa do Sauipe,DC=aviva,DC=com,DC=br
85;BRBAFS01_Relatorios_Gerenciais_Consumo_Telefonia_RH_RO;Security;Security;Global;aviva.com.br;Unidade Costa do Sauipe/Grupos/Security/FS Legado;CN=BRBAFS01_Relatorios_Gerenciais_Consumo_Telefonia_RH_RO,OU=FS Legado,OU=Security,OU=Grupos,OU=Unidade Costa do Sauipe,DC=aviva,DC=com,DC=br
86;BRBAFS01_Relatorios_Gerenciais_Consumo_Telefonia_Seguranca_RO;Security;Security;Global;aviva.com.br;Unidade Costa do Sauipe/Grupos/Security/FS Legado;CN=BRBAFS01_Relatorios_Gerenciais_Consumo_Telefonia_Seguranca_RO,OU=FS Legado,OU=Security,OU=Grupos,OU=Unidade Costa do Sauipe,DC=aviva,DC=com,DC=br
87;BRBAFS01_Relatorios_Gerenciais_Consumo_Telefonia_Suprimentos_RO;Security;Security;Global;aviva.com.br;Unidade Costa do Sauipe/Grupos/Security/FS Legado;CN=BRBAFS01_Relatorios_Gerenciais_Consumo_Telefonia_Suprimentos_RO,OU=FS Legado,OU=Security,OU=Grupos,OU=Unidade Costa do Sauipe,DC=aviva,DC=com,DC=br
88;BRBAFS01_Relatorios_Gerenciais_Consumo_Telefonia_TI_RO;Security;Security;Global;aviva.com.br;Unidade Costa do Sauipe/Grupos/Security/FS Legado;CN=BRBAFS01_Relatorios_Gerenciais_Consumo_Telefonia_TI_RO,OU=FS Legado,OU=Security,OU=Grupos,OU=Unidade Costa do Sauipe,DC=aviva,DC=com,DC=br
89;BRBAFS01_Relatorios_Gerenciais_OBZ_Marketing_RO;Security;Security;Global;aviva.com.br;Unidade Costa do Sauipe/Grupos/Security/FS Legado;CN=BRBAFS01_Relatorios_Gerenciais_OBZ_Marketing_RO,OU=FS Legado,OU=Security,OU=Grupos,OU=Unidade Costa do Sauipe,DC=aviva,DC=com,DC=br
90;BRBAFS01_Relatorios_Gerenciais_OBZ_Pessoal_RO;Security;Security;Global;aviva.com.br;Unidade Costa do Sauipe/Grupos/Security/FS Legado;CN=BRBAFS01_Relatorios_Gerenciais_OBZ_Pessoal_RO,OU=FS Legado,OU=Security,OU=Grupos,OU=Unidade Costa do Sauipe,DC=aviva,DC=com,DC=br
91;BRBAFS01_Relatorios_Gerenciais_OBZ_Seguranca_RO;Security;Security;Global;aviva.com.br;Unidade Costa do Sauipe/Grupos/Security/FS Legado;CN=BRBAFS01_Relatorios_Gerenciais_OBZ_Seguranca_RO,OU=FS Legado,OU=Security,OU=Grupos,OU=Unidade Costa do Sauipe,DC=aviva,DC=com,DC=br
92;BRBAFS01_Relatorios_Gerenciais_RO;Security;Security;Global;aviva.com.br;Unidade Costa do Sauipe/Grupos/Security/FS Legado;CN=BRBAFS01_Relatorios_Gerenciais_RO,OU=FS Legado,OU=Security,OU=Grupos,OU=Unidade Costa do Sauipe,DC=aviva,DC=com,DC=br
93;BRBAFS01_Reservas_RO;Security;Security;Global;aviva.com.br;Unidade Costa do Sauipe/Grupos/Security/FS Legado;CN=BRBAFS01_Reservas_RO,OU=FS Legado,OU=Security,OU=Grupos,OU=Unidade Costa do Sauipe,DC=aviva,DC=com,DC=br
94;BRBAFS01_SecretariasDiretoria_RW;Security;Security;Global;aviva.com.br;Unidade Costa do Sauipe/Grupos/Security/FS Legado;CN=BRBAFS01_SecretariasDiretoria_RW,OU=FS Legado,OU=Security,OU=Grupos,OU=Unidade Costa do Sauipe,DC=aviva,DC=com,DC=br
95;BRBAFS01_Seguranca_Documentos_SGS_RO;Security;Security;Global;aviva.com.br;Unidade Costa do Sauipe/Grupos/Security/FS Legado;CN=BRBAFS01_Seguranca_Documentos_SGS_RO,OU=FS Legado,OU=Security,OU=Grupos,OU=Unidade Costa do Sauipe,DC=aviva,DC=com,DC=br
96;BRBAFS01_Seguranca_RO;Security;Security;Global;aviva.com.br;Unidade Costa do Sauipe/Grupos/Security/FS Legado;CN=BRBAFS01_Seguranca_RO,OU=FS Legado,OU=Security,OU=Grupos,OU=Unidade Costa do Sauipe,DC=aviva,DC=com,DC=br
97;BRBAFS01_Seguranca_SGS_RW;Security;Security;Global;aviva.com.br;Unidade Costa do Sauipe/Grupos/Security/FS Legado;CN=BRBAFS01_Seguranca_SGS_RW,OU=FS Legado,OU=Security,OU=Grupos,OU=Unidade Costa do Sauipe,DC=aviva,DC=com,DC=br
98;BRBAFS01_Telecom_RO;Security;Security;Global;aviva.com.br;Unidade Costa do Sauipe/Grupos/Security/FS Legado;CN=BRBAFS01_Telecom_RO,OU=FS Legado,OU=Security,OU=Grupos,OU=Unidade Costa do Sauipe,DC=aviva,DC=com,DC=br
99;BRBAFS01_Telefonia_RO;Security;Security;Global;aviva.com.br;Unidade Costa do Sauipe/Grupos/Security/FS Legado;CN=BRBAFS01_Telefonia_RO,OU=FS Legado,OU=Security,OU=Grupos,OU=Unidade Costa do Sauipe,DC=aviva,DC=com,DC=br
100;BRBAFS01_UGB_RW;Security;Security;Global;aviva.com.br;Unidade Costa do Sauipe/Grupos/Security/FS Legado;CN=BRBAFS01_UGB_RW,OU=FS Legado,OU=Security,OU=Grupos,OU=Unidade Costa do Sauipe,DC=aviva,DC=com,DC=br
101;BRBAFS01_VNP_RW;Security;Security;Global;aviva.com.br;Unidade Costa do Sauipe/Grupos/Security/FS Legado;CN=BRBAFS01_VNP_RW,OU=FS Legado,OU=Security,OU=Grupos,OU=Unidade Costa do Sauipe,DC=aviva,DC=com,DC=br
102;BRSPDC01_Atendimento_RW;Security;Security;Global;aviva.com.br;Unidade Costa do Sauipe/Grupos/Security;CN=BRSPDC01_Atendimento_RW,OU=Security,OU=Grupos,OU=Unidade Costa do Sauipe,DC=aviva,DC=com,DC=br
103;BRSPDC01_Central_Atendimento_RO;Security;Security;Global;aviva.com.br;Unidade Costa do Sauipe/Grupos/Security;CN=BRSPDC01_Central_Atendimento_RO,OU=Security,OU=Grupos,OU=Unidade Costa do Sauipe,DC=aviva,DC=com,DC=br
104;BRSPDC01_TI_RW;Security;Security;Global;aviva.com.br;Unidade Costa do Sauipe/Grupos/Security;CN=BRSPDC01_TI_RW,OU=Security,OU=Grupos,OU=Unidade Costa do Sauipe,DC=aviva,DC=com,DC=br
112;CLV_VDI;Security;Security;Global;aviva.com.br;Unidade Rio Quente/Grupos;CN=CLV_VDI,OU=Grupos,OU=Unidade Rio Quente,DC=aviva,DC=com,DC=br
118;Configuration_Manager;Security;Security;Global;aviva.com.br;Unidade Costa do Sauipe/Grupos/Security;CN=Configuration_Manager,OU=Security,OU=Grupos,OU=Unidade Costa do Sauipe,DC=aviva,DC=com,DC=br
119;ConsAdm;Security;Security;Global;aviva.com.br;Unidade Costa do Sauipe/Grupos/Security;CN=ConsAdm,OU=Security,OU=Grupos,OU=Unidade Costa do Sauipe,DC=aviva,DC=com,DC=br
120;Conselho Administrativo;Security;Security;Universal;aviva.com.br;Unidade Costa do Sauipe/Grupos/Security;CN=Conselho Administrativo,OU=Security,OU=Grupos,OU=Unidade Costa do Sauipe,DC=aviva,DC=com,DC=br
122;Conselho Fiscal;Security;Security;Universal;aviva.com.br;Unidade Costa do Sauipe/Grupos/Security;CN=Conselho Fiscal,OU=Security,OU=Grupos,OU=Unidade Costa do Sauipe,DC=aviva,DC=com,DC=br
123;ConsFiscal;Security;Security;Global;aviva.com.br;Unidade Costa do Sauipe/Grupos/Security;CN=ConsFiscal,OU=Security,OU=Grupos,OU=Unidade Costa do Sauipe,DC=aviva,DC=com,DC=br
128;Cordenacao ABHoteis - Leitura e Gravacao;Security;Security;Global;aviva.com.br;Unidade Rio Quente/Grupos/FS Antigo;CN=Cordenacao ABHoteis - Leitura e Gravacao,OU=FS Antigo,OU=Grupos,OU=Unidade Rio Quente,DC=aviva,DC=com,DC=br
131;CTX_ADM_MRL;Security;Security;Global;aviva.com.br;Unidade Rio Quente/Grupos;CN=CTX_ADM_MRL,OU=Grupos,OU=Unidade Rio Quente,DC=aviva,DC=com,DC=br
132;CTX_FIN_SAO;Security;Security;Global;aviva.com.br;Unidade Rio Quente/Grupos;CN=CTX_FIN_SAO,OU=Grupos,OU=Unidade Rio Quente,DC=aviva,DC=com,DC=br
147;Expedição Xerox - Leitura e Gravação;Security;Security;Global;aviva.com.br;Unidade Rio Quente/Grupos/FS Antigo;CN=Expedição Xerox - Leitura e Gravação,OU=FS Antigo,OU=Grupos,OU=Unidade Rio Quente,DC=aviva,DC=com,DC=br
149;FeedbackOnlineAdm;Security;Security;Global;aviva.com.br;Unidade Rio Quente/Grupos;CN=FeedbackOnlineAdm,OU=Grupos,OU=Unidade Rio Quente,DC=aviva,DC=com,DC=br
150;Fornecedor Externo;Security;Security;Universal;aviva.com.br;Unidade Costa do Sauipe/Grupos/Security;CN=Fornecedor Externo,OU=Security,OU=Grupos,OU=Unidade Costa do Sauipe,DC=aviva,DC=com,DC=br
151;G_COMPUTERS_TI;Security;Security;Global;aviva.com.br;Unidade Rio Quente/Grupos;CN=G_COMPUTERS_TI,OU=Grupos,OU=Unidade Rio Quente,DC=aviva,DC=com,DC=br
152;G_RQE_ACTIVEDIRECTORY_OU_F;Security;Security;Global;aviva.com.br;Unidade Rio Quente/Grupos/FS Antigo;CN=G_RQE_ACTIVEDIRECTORY_OU_F,OU=FS Antigo,OU=Grupos,OU=Unidade Rio Quente,DC=aviva,DC=com,DC=br
153;G_RQE_COMPUTADORES_RQVC_RIO_QUENTE;Security;Security;Global;aviva.com.br;Unidade Rio Quente/Grupos/FS Antigo;CN=G_RQE_COMPUTADORES_RQVC_RIO_QUENTE,OU=FS Antigo,OU=Grupos,OU=Unidade Rio Quente,DC=aviva,DC=com,DC=br
154;G_RQE_GEHO_FILESERVER2_CUSTOMEREXPERIENCE_W;Security;Security;Global;aviva.com.br;Unidade Rio Quente/Grupos/FS Antigo;CN=G_RQE_GEHO_FILESERVER2_CUSTOMEREXPERIENCE_W,OU=FS Antigo,OU=Grupos,OU=Unidade Rio Quente,DC=aviva,DC=com,DC=br
155;G_RQE_GEOT_HPOPRTGUI01;Security;Security;Global;aviva.com.br;Unidade Rio Quente/Grupos/FS Antigo;CN=G_RQE_GEOT_HPOPRTGUI01,OU=FS Antigo,OU=Grupos,OU=Unidade Rio Quente,DC=aviva,DC=com,DC=br
156;G_RQE_GESC_ALMPRTSUP01;Security;Security;Global;aviva.com.br;Unidade Rio Quente/Grupos/FS Antigo;CN=G_RQE_GESC_ALMPRTSUP01,OU=FS Antigo,OU=Grupos,OU=Unidade Rio Quente,DC=aviva,DC=com,DC=br
157;G_RQE_GGHO_FILESERVER2_RQVC_BIBLRQVC_PAINEL_R;Security;Security;Global;aviva.com.br;Unidade Rio Quente/Grupos/FS Antigo;CN=G_RQE_GGHO_FILESERVER2_RQVC_BIBLRQVC_PAINEL_R,OU=FS Antigo,OU=Grupos,OU=Unidade Rio Quente,DC=aviva,DC=com,DC=br
158;G_RQE_GGVO_VAOPRTMAC01;Security;Security;Global;aviva.com.br;Unidade Rio Quente/Grupos/FS Antigo;CN=G_RQE_GGVO_VAOPRTMAC01,OU=FS Antigo,OU=Grupos,OU=Unidade Rio Quente,DC=aviva,DC=com,DC=br
159;G_RQE_SEGO_HOSPRTLAV01;Security;Security;Global;aviva.com.br;Unidade Rio Quente/Grupos/FS Antigo;CN=G_RQE_SEGO_HOSPRTLAV01,OU=FS Antigo,OU=Grupos,OU=Unidade Rio Quente,DC=aviva,DC=com,DC=br
160;G_RQE_SERVERS;Security;Security;Global;aviva.com.br;Unidade Rio Quente/Grupos/FS Antigo;CN=G_RQE_SERVERS,OU=FS Antigo,OU=Grupos,OU=Unidade Rio Quente,DC=aviva,DC=com,DC=br
161;G_SAO_SVALE04_COMPARTRDOT_RW;Security;Security;Global;aviva.com.br;Unidade Rio Quente/Grupos/FS Antigo;CN=G_SAO_SVALE04_COMPARTRDOT_RW,OU=FS Antigo,OU=Grupos,OU=Unidade Rio Quente,DC=aviva,DC=com,DC=br
163;GDS_FS_RQR_Almoxarifado;Security;Security;Domain Local;aviva.com.br;Unidade Costa do Sauipe/Grupos/Security/FS Sauipe;CN=GDS_FS_RQR_Almoxarifado,OU=FS Sauipe,OU=Security,OU=Grupos,OU=Unidade Costa do Sauipe,DC=aviva,DC=com,DC=br
164;GDS_FS_RQR_AlmoxarifadoRecebimento_Almoxarifado_RW;Security;Security;Domain Local;aviva.com.br;Unidade Costa do Sauipe/Grupos/Security/FS Sauipe;CN=GDS_FS_RQR_AlmoxarifadoRecebimento_Almoxarifado_RW,OU=FS Sauipe,OU=Security,OU=Grupos,OU=Unidade Costa do Sauipe,DC=aviva,DC=com,DC=br
165;GDS_FS_RQR_CONTROLADORIA;Security;Security;Domain Local;aviva.com.br;Unidade Costa do Sauipe/Grupos/Security/FS Sauipe;CN=GDS_FS_RQR_CONTROLADORIA,OU=FS Sauipe,OU=Security,OU=Grupos,OU=Unidade Costa do Sauipe,DC=aviva,DC=com,DC=br
166;GDS_FS_RQR_CONTROLADORIA_PlanejamentoFinanceiro_RW;Security;Security;Domain Local;aviva.com.br;Unidade Costa do Sauipe/Grupos/Security/FS Sauipe;CN=GDS_FS_RQR_CONTROLADORIA_PlanejamentoFinanceiro_RW,OU=FS Sauipe,OU=Security,OU=Grupos,OU=Unidade Costa do Sauipe,DC=aviva,DC=com,DC=br
167;GDS_FS_RQR_EVENTOS;Security;Security;Domain Local;aviva.com.br;Unidade Costa do Sauipe/Grupos/Security/FS Sauipe;CN=GDS_FS_RQR_EVENTOS,OU=FS Sauipe,OU=Security,OU=Grupos,OU=Unidade Costa do Sauipe,DC=aviva,DC=com,DC=br
168;GDS_FS_RQR_EVENTOS_DadosMultidia_RW;Security;Security;Domain Local;aviva.com.br;Unidade Costa do Sauipe/Grupos/Security/FS Sauipe;CN=GDS_FS_RQR_EVENTOS_DadosMultidia_RW,OU=FS Sauipe,OU=Security,OU=Grupos,OU=Unidade Costa do Sauipe,DC=aviva,DC=com,DC=br
169;GDS_FS_RQR_EVENTOS_EventosReservas_RW;Security;Security;Domain Local;aviva.com.br;Unidade Costa do Sauipe/Grupos/Security/FS Sauipe;CN=GDS_FS_RQR_EVENTOS_EventosReservas_RW,OU=FS Sauipe,OU=Security,OU=Grupos,OU=Unidade Costa do Sauipe,DC=aviva,DC=com,DC=br
170;GDS_FS_RQR_EVENTOS_RotinasAdministrativas_RW;Security;Security;Domain Local;aviva.com.br;Unidade Costa do Sauipe/Grupos/Security/FS Sauipe;CN=GDS_FS_RQR_EVENTOS_RotinasAdministrativas_RW,OU=FS Sauipe,OU=Security,OU=Grupos,OU=Unidade Costa do Sauipe,DC=aviva,DC=com,DC=br
171;GDS_FS_RQR_GEPI;Security;Security;Domain Local;aviva.com.br;Unidade Costa do Sauipe/Grupos/Security/FS Sauipe;CN=GDS_FS_RQR_GEPI,OU=FS Sauipe,OU=Security,OU=Grupos,OU=Unidade Costa do Sauipe,DC=aviva,DC=com,DC=br
172;GDS_FS_RQR_GEPI_DadosMultimidia_RW;Security;Security;Domain Local;aviva.com.br;Unidade Costa do Sauipe/Grupos/Security/FS Sauipe;CN=GDS_FS_RQR_GEPI_DadosMultimidia_RW,OU=FS Sauipe,OU=Security,OU=Grupos,OU=Unidade Costa do Sauipe,DC=aviva,DC=com,DC=br
173;GDS_FS_RQR_Raiz;Security;Security;Domain Local;aviva.com.br;Unidade Costa do Sauipe/Grupos/Security/FS Sauipe;CN=GDS_FS_RQR_Raiz,OU=FS Sauipe,OU=Security,OU=Grupos,OU=Unidade Costa do Sauipe,DC=aviva,DC=com,DC=br
176;GEEN - Gerencia EXP - Leitura e Gravacao;Security;Security;Global;aviva.com.br;Unidade Rio Quente/Grupos;CN=GEEN - Gerencia EXP - Leitura e Gravacao,OU=Grupos,OU=Unidade Rio Quente,DC=aviva,DC=com,DC=br
177;GEEN - Leitura e Gravação;Security;Security;Global;aviva.com.br;Unidade Rio Quente/Grupos;CN=GEEN - Leitura e Gravação,OU=Grupos,OU=Unidade Rio Quente,DC=aviva,DC=com,DC=br
178;GEHP - Leitura e Gravação;Security;Security;Global;aviva.com.br;Unidade Rio Quente/Grupos;CN=GEHP - Leitura e Gravação,OU=Grupos,OU=Unidade Rio Quente,DC=aviva,DC=com,DC=br
179;GEMC_G_W;Security;Security;Global;aviva.com.br;Unidade Rio Quente/Grupos;CN=GEMC_G_W,OU=Grupos,OU=Unidade Rio Quente,DC=aviva,DC=com,DC=br
184;GGD_Infra_AssinaturaPadrao;Security;Security;Universal;aviva.com.br;Unidade Rio Quente/Grupos;CN=GGD_Infra_AssinaturaPadrao,OU=Grupos,OU=Unidade Rio Quente,DC=aviva,DC=com,DC=br
185;GGHO - Leitura;Security;Security;Global;aviva.com.br;Unidade Rio Quente/Grupos;CN=GGHO - Leitura,OU=Grupos,OU=Unidade Rio Quente,DC=aviva,DC=com,DC=br
415;PDVWEBSYS;Security;Security;Global;aviva.com.br;Unidade Rio Quente/Grupos;CN=PDVWEBSYS,OU=Grupos,OU=Unidade Rio Quente,DC=aviva,DC=com,DC=br
418;PesquisaSatisfacaoInternaAdm;Security;Security;Global;aviva.com.br;Unidade Rio Quente/Grupos;CN=PesquisaSatisfacaoInternaAdm,OU=Grupos,OU=Unidade Rio Quente,DC=aviva,DC=com,DC=br
432;quiosqueflamboyant;Security;Security;Universal;aviva.com.br;Unidade Rio Quente/Grupos;CN=quiosqueflamboyant,OU=Grupos,OU=Unidade Rio Quente,DC=aviva,DC=com,DC=br
435;Rateio de Despesas - RO;Security;Security;Global;aviva.com.br;Unidade Rio Quente/Grupos;CN=Rateio de Despesas - RO,OU=Grupos,OU=Unidade Rio Quente,DC=aviva,DC=com,DC=br
440;Recepcao-GEHP - Leitura;Security;Security;Global;aviva.com.br;Unidade Rio Quente/Grupos;CN=Recepcao-GEHP - Leitura,OU=Grupos,OU=Unidade Rio Quente,DC=aviva,DC=com,DC=br
458;SauipeBR_Internet_Conselhos;Security;Security;Global;aviva.com.br;Unidade Costa do Sauipe/Grupos/Security;CN=SauipeBR_Internet_Conselhos,OU=Security,OU=Grupos,OU=Unidade Costa do Sauipe,DC=aviva,DC=com,DC=br
459;SauipeBR_Internet_Engenharia;Security;Security;Global;aviva.com.br;Unidade Costa do Sauipe/Grupos/Security;CN=SauipeBR_Internet_Engenharia,OU=Security,OU=Grupos,OU=Unidade Costa do Sauipe,DC=aviva,DC=com,DC=br
460;SauipeBR_Internet_EscritorioSP;Security;Security;Global;aviva.com.br;Unidade Costa do Sauipe/Grupos/Security;CN=SauipeBR_Internet_EscritorioSP,OU=Security,OU=Grupos,OU=Unidade Costa do Sauipe,DC=aviva,DC=com,DC=br
461;SauipeBR_Internet_Juridico;Security;Security;Global;aviva.com.br;Unidade Costa do Sauipe/Grupos/Security;CN=SauipeBR_Internet_Juridico,OU=Security,OU=Grupos,OU=Unidade Costa do Sauipe,DC=aviva,DC=com,DC=br
462;SauipeBR_Internet_TI;Security;Security;Global;aviva.com.br;Unidade Costa do Sauipe/Grupos/Security;CN=SauipeBR_Internet_TI,OU=Security,OU=Grupos,OU=Unidade Costa do Sauipe,DC=aviva,DC=com,DC=br
463;SAUIPEBR_VPN_BRBABI01;Security;Security;Global;aviva.com.br;Unidade Costa do Sauipe/Grupos/Security;CN=SAUIPEBR_VPN_BRBABI01,OU=Security,OU=Grupos,OU=Unidade Costa do Sauipe,DC=aviva,DC=com,DC=br
464;SAUIPEBR_VPN_BRBAIIS06;Security;Security;Global;aviva.com.br;Unidade Costa do Sauipe/Grupos/Security;CN=SAUIPEBR_VPN_BRBAIIS06,OU=Security,OU=Grupos,OU=Unidade Costa do Sauipe,DC=aviva,DC=com,DC=br
465;SAUIPEBR_VPN_CRM;Security;Security;Global;aviva.com.br;Unidade Costa do Sauipe/Grupos/Security;CN=SAUIPEBR_VPN_CRM,OU=Security,OU=Grupos,OU=Unidade Costa do Sauipe,DC=aviva,DC=com,DC=br
466;SauipeBR_VPN_DMConsultoria;Security;Security;Global;aviva.com.br;Unidade Costa do Sauipe/Grupos/Security;CN=SauipeBR_VPN_DMConsultoria,OU=Security,OU=Grupos,OU=Unidade Costa do Sauipe,DC=aviva,DC=com,DC=br
467;SauipeBR_VPN_Interatel;Security;Security;Global;aviva.com.br;Unidade Costa do Sauipe/Grupos/Security;CN=SauipeBR_VPN_Interatel,OU=Security,OU=Grupos,OU=Unidade Costa do Sauipe,DC=aviva,DC=com,DC=br
468;SAUIPEBR_VPN_JURIDICO;Security;Security;Global;aviva.com.br;Unidade Costa do Sauipe/Grupos/Security;CN=SAUIPEBR_VPN_JURIDICO,OU=Security,OU=Grupos,OU=Unidade Costa do Sauipe,DC=aviva,DC=com,DC=br
469;SAUIPEBR_VPN_OPINIOMETRO;Security;Security;Global;aviva.com.br;Unidade Costa do Sauipe/Grupos/Security;CN=SAUIPEBR_VPN_OPINIOMETRO,OU=Security,OU=Grupos,OU=Unidade Costa do Sauipe,DC=aviva,DC=com,DC=br
479;servicosTFS;Security;Security;Global;aviva.com.br;Unidade Rio Quente/Grupos;CN=servicosTFS,OU=Grupos,OU=Unidade Rio Quente,DC=aviva,DC=com,DC=br
480;SEVT_G_R;Security;Security;Global;aviva.com.br;Unidade Rio Quente/Grupos;CN=SEVT_G_R,OU=Grupos,OU=Unidade Rio Quente,DC=aviva,DC=com,DC=br
482;SistemaRQVCCaptacao;Security;Security;Global;aviva.com.br;Unidade Rio Quente/Grupos;CN=SistemaRQVCCaptacao,OU=Grupos,OU=Unidade Rio Quente,DC=aviva,DC=com,DC=br
486;Tecnologia_FTP;Security;Security;Global;aviva.com.br;Unidade Costa do Sauipe/Grupos/Security;CN=Tecnologia_FTP,OU=Security,OU=Grupos,OU=Unidade Costa do Sauipe,DC=aviva,DC=com,DC=br
491;U_BRBAFS01_Publico_RW;Security;Security;Universal;aviva.com.br;Unidade Rio Quente/Grupos;CN=U_BRBAFS01_Publico_RW,OU=Grupos,OU=Unidade Rio Quente,DC=aviva,DC=com,DC=br
492;U_RQE_SAUIPE_FILESERVER2_CMKT_W;Security;Security;Universal;aviva.com.br;Unidade Costa do Sauipe/Grupos/Security;CN=U_RQE_SAUIPE_FILESERVER2_CMKT_W,OU=Security,OU=Grupos,OU=Unidade Costa do Sauipe,DC=aviva,DC=com,DC=br
493;U_RQE_SAUIPE_SVALE04_MKTSP_W;Security;Security;Universal;aviva.com.br;Unidade Costa do Sauipe/Grupos/Security;CN=U_RQE_SAUIPE_SVALE04_MKTSP_W,OU=Security,OU=Grupos,OU=Unidade Costa do Sauipe,DC=aviva,DC=com,DC=br
